<?xml version="1.0" encoding="UTF-8"?>
<channel><item><pubDate><![CDATA[Mon, 20 May 2019 07:46:27 +0200]]></pubDate><title><![CDATA[Archiwum2016/2017]]></title><url><![CDATA[archiwum-201617]]></url><meta><![CDATA[]]></meta><metad><![CDATA[]]></metad><menu><![CDATA[Archiwum2016/2017]]></menu><menuOrder><![CDATA[0]]></menuOrder><menuStatus><![CDATA[Y]]></menuStatus><template><![CDATA[template.php]]></template><parent><![CDATA[archiwum]]></parent><private><![CDATA[]]></private><author><![CDATA[admin]]></author><slug><![CDATA[archiwum-201617]]></slug><filename><![CDATA[archiwum-201617.xml]]></filename></item><item><pubDate><![CDATA[Mon, 29 Apr 2019 08:25:34 +0200]]></pubDate><title><![CDATA[Aktualności]]></title><url><![CDATA[aktualnosci]]></url><meta><![CDATA[]]></meta><metad><![CDATA[]]></metad><menu><![CDATA[Aktualności]]></menu><menuStatus><![CDATA[Y]]></menuStatus><template><![CDATA[template.php]]></template><parent><![CDATA[]]></parent><private><![CDATA[]]></private><author><![CDATA[admin]]></author><menuOrder><![CDATA[1]]></menuOrder><slug><![CDATA[aktualnosci]]></slug><filename><![CDATA[aktualnosci.xml]]></filename></item><item><pubDate><![CDATA[Mon, 20 May 2019 07:45:00 +0200]]></pubDate><title><![CDATA[Archiwum]]></title><url><![CDATA[archiwum]]></url><meta><![CDATA[]]></meta><metad><![CDATA[]]></metad><menu><![CDATA[Archiwum]]></menu><menuStatus><![CDATA[Y]]></menuStatus><template><![CDATA[template.php]]></template><parent><![CDATA[]]></parent><private><![CDATA[]]></private><author><![CDATA[admin]]></author><menuOrder><![CDATA[2]]></menuOrder><slug><![CDATA[archiwum]]></slug><filename><![CDATA[archiwum.xml]]></filename></item><item><pubDate><![CDATA[Mon, 29 Apr 2019 08:26:07 +0200]]></pubDate><title><![CDATA[Welcome to the jungle!!]]></title><url><![CDATA[index]]></url><meta><![CDATA[getsimple, easy, content management system]]></meta><metad><![CDATA[]]></metad><menu><![CDATA[Strona główna]]></menu><menuStatus><![CDATA[Y]]></menuStatus><template><![CDATA[template.php]]></template><parent><![CDATA[]]></parent><private><![CDATA[]]></private><author><![CDATA[admin]]></author><menuOrder><![CDATA[0]]></menuOrder><slug><![CDATA[index]]></slug><filename><![CDATA[index.xml]]></filename></item></channel>
