<?xml version="1.0" encoding="UTF-8"?>
<item><pubDate>Mon, 20 May 2019 07:46:31 +0200</pubDate><title><![CDATA[Archiwum 2018/17]]></title><url><![CDATA[archiwum-201817]]></url><meta><![CDATA[]]></meta><metad><![CDATA[]]></metad><menu><![CDATA[archiwum 2018/17]]></menu><menuStatus><![CDATA[Y]]></menuStatus><template><![CDATA[template.php]]></template><parent><![CDATA[archiwum]]></parent><content><![CDATA[&lt;p&gt;asldasjdsjdlasdkp;lasdk;asdl&#039;;[asld[&lt;/p&gt;
]]></content><private><![CDATA[]]></private><author><![CDATA[admin]]></author><menuOrder><![CDATA[1]]></menuOrder></item>
