<?xml version="1.0" encoding="UTF-8"?>
<item><pubDate>Mon, 20 May 2019 07:45:01 +0200</pubDate><title><![CDATA[Archiwum]]></title><url><![CDATA[archiwum]]></url><meta><![CDATA[]]></meta><metad><![CDATA[]]></metad><menu><![CDATA[Archiwum]]></menu><menuStatus><![CDATA[Y]]></menuStatus><template><![CDATA[template.php]]></template><parent><![CDATA[]]></parent><content><![CDATA[&lt;p&gt;Wszystko o klasie&lt;/p&gt;
]]></content><private><![CDATA[]]></private><author><![CDATA[admin]]></author><menuOrder><![CDATA[2]]></menuOrder></item>
